File Path,Artist,File Name,Category,Confidence,Analysis
"public/product_images/102_Man_Mowing.jpg","Unknown Artist","102_Man_Mowing.jpg","Unknown",0.5,"Unable to determine medium from filename"
"public/product_images/101_Phyllis_at_Creswell_Quay__Pembs.jpg","Unknown Artist","101_Phyllis_at_Creswell_Quay__Pembs.jpg","Unknown",0.5,"Unable to determine medium from filename"
"public/product_images/100_Children_on_the_Beach.jpg","Unknown Artist","100_Children_on_the_Beach.jpg","Unknown",0.5,"Unable to determine medium from filename"
"public/product_images/099_Locks.jpg","Unknown Artist","099_Locks.jpg","Unknown",0.5,"Unable to determine medium from filename"
"public/product_images/098_Head_of_Poet_Dylan_Thomas.jpg","Unknown Artist","098_Head_of_Poet_Dylan_Thomas.jpg","Unknown",0.5,"Unable to determine medium from filename"
"public/product_images/097_News_Please.jpg","Unknown Artist","097_News_Please.jpg","Unknown",0.5,"Unable to determine medium from filename"
"public/product_images/096_Earth_Vs.Venus.jpg","Unknown Artist","096_Earth_Vs.Venus.jpg","Unknown",0.5,"Unable to determine medium from filename"
"public/product_images/095_Playing_Recorders.jpg","Unknown Artist","095_Playing_Recorders.jpg","Unknown",0.5,"Unable to determine medium from filename"
"public/product_images/094_Penarth_Pier.jpg","Unknown Artist","094_Penarth_Pier.jpg","Unknown",0.5,"Unable to determine medium from filename"
"public/product_images/093_Autumnal_Landscape.jpg","Unknown Artist","093_Autumnal_Landscape.jpg","Unknown",0.5,"Unable to determine medium from filename"
"public/product_images/092_Flowers__Lupins.jpg","Unknown Artist","092_Flowers__Lupins.jpg","Unknown",0.5,"Unable to determine medium from filename"
"public/product_images/091_Early_Still-Life__Wine_and_Flowers.jpg","Unknown Artist","091_Early_Still-Life__Wine_and_Flowers.jpg","Unknown",0.5,"Unable to determine medium from filename"
"public/product_images/090_The_Blue_Sunflower.jpg","Unknown Artist","090_The_Blue_Sunflower.jpg","Unknown",0.5,"Unable to determine medium from filename"
"public/product_images/089_Cow_and_Farm_Hopper.jpg","Unknown Artist","089_Cow_and_Farm_Hopper.jpg","Unknown",0.5,"Unable to determine medium from filename"
"public/product_images/088_Windswept_Landscape_with_Cottage.jpg","Unknown Artist","088_Windswept_Landscape_with_Cottage.jpg","Unknown",0.5,"Unable to determine medium from filename"
"public/product_images/087_The_Village_and_I_and_Marc_Chagall.jpg","Unknown Artist","087_The_Village_and_I_and_Marc_Chagall.jpg","Unknown",0.5,"Unable to determine medium from filename"
"public/product_images/086_Cockle_Pickers.jpg","Unknown Artist","086_Cockle_Pickers.jpg","Unknown",0.5,"Unable to determine medium from filename"
"public/product_images/085_Coracler.jpg","Unknown Artist","085_Coracler.jpg","Unknown",0.5,"Unable to determine medium from filename"
"public/product_images/084_Moelfre.jpg","Unknown Artist","084_Moelfre.jpg","Unknown",0.5,"Unable to determine medium from filename"
"public/product_images/083_The_Race.jpg","Unknown Artist","083_The_Race.jpg","Unknown",0.5,"Unable to determine medium from filename"
"public/product_images/082_Autumnal_Landscape_with_Trees.jpg","Unknown Artist","082_Autumnal_Landscape_with_Trees.jpg","Unknown",0.5,"Unable to determine medium from filename"
"public/product_images/081_Killjoy.jpg","Unknown Artist","081_Killjoy.jpg","Unknown",0.5,"Unable to determine medium from filename"
"public/product_images/080_Snowdon_from_Llyn_Mymbr.jpg","Unknown Artist","080_Snowdon_from_Llyn_Mymbr.jpg","Unknown",0.5,"Unable to determine medium from filename"
"public/product_images/079_The_River_Gwyrfai.jpg","Unknown Artist","079_The_River_Gwyrfai.jpg","Unknown",0.5,"Unable to determine medium from filename"
"public/product_images/078_Standing_Shepherd.jpg","Unknown Artist","078_Standing_Shepherd.jpg","Unknown",0.5,"Unable to determine medium from filename"
"public/product_images/077_Cutting_Images.jpg","Unknown Artist","077_Cutting_Images.jpg","Unknown",0.5,"Unable to determine medium from filename"
"public/product_images/076_Horses_at_Lle_Cul.jpg","Unknown Artist","076_Horses_at_Lle_Cul.jpg","Unknown",0.5,"Unable to determine medium from filename"
"public/product_images/075_Ponies__Anglesey.jpg","Unknown Artist","075_Ponies__Anglesey.jpg","Unknown",0.5,"Unable to determine medium from filename"
"public/product_images/074_Welsh_Black_Bull.jpg","Unknown Artist","074_Welsh_Black_Bull.jpg","Unknown",0.5,"Unable to determine medium from filename"
"public/product_images/073_Pontllyfni_in_Snow.jpg","Unknown Artist","073_Pontllyfni_in_Snow.jpg","Unknown",0.5,"Unable to determine medium from filename"
"public/product_images/072_Farmer_in_Overcoat_with_Walking_Stick.jpg","Unknown Artist","072_Farmer_in_Overcoat_with_Walking_Stick.jpg","Unknown",0.5,"Unable to determine medium from filename"
"public/product_images/071_Farmer_with_Walking_Stick.jpg","Unknown Artist","071_Farmer_with_Walking_Stick.jpg","Unknown",0.5,"Unable to determine medium from filename"
"public/product_images/070_Road_to_the_Mine__Blaenau_Ffestiniog.jpg","Unknown Artist","070_Road_to_the_Mine__Blaenau_Ffestiniog.jpg","Unknown",0.5,"Unable to determine medium from filename"
"public/product_images/069_Anglesey_in_Winter.jpg","Unknown Artist","069_Anglesey_in_Winter.jpg","Unknown",0.5,"Unable to determine medium from filename"
"public/product_images/068_Llyn-y-Fan_Fach.jpg","Unknown Artist","068_Llyn-y-Fan_Fach.jpg","Unknown",0.5,"Unable to determine medium from filename"
"public/product_images/067_Fishing_Boats__Marina.jpg","Unknown Artist","067_Fishing_Boats__Marina.jpg","Unknown",0.5,"Unable to determine medium from filename"
"public/product_images/066_Misty_Flooded_Moorland.jpg","Unknown Artist","066_Misty_Flooded_Moorland.jpg","Unknown",0.5,"Unable to determine medium from filename"
"public/product_images/065_Llanfachraeth.jpg","Unknown Artist","065_Llanfachraeth.jpg","Unknown",0.5,"Unable to determine medium from filename"
"public/product_images/064_Still_Life_with_Olives.jpg","Unknown Artist","064_Still_Life_with_Olives.jpg","Unknown",0.5,"Unable to determine medium from filename"
"public/product_images/063_Figure_at_Doorway_with_Garden.jpg","Unknown Artist","063_Figure_at_Doorway_with_Garden.jpg","Unknown",0.5,"Unable to determine medium from filename"
"public/product_images/062_Hon.jpg","Unknown Artist","062_Hon.jpg","Unknown",0.5,"Unable to determine medium from filename"
"public/product_images/061_Landscape_Series_No.37.jpg","Unknown Artist","061_Landscape_Series_No.37.jpg","Unknown",0.5,"Unable to determine medium from filename"
"public/product_images/060_Colourful_Study_of_Figure_on_Mule.jpg","Unknown Artist","060_Colourful_Study_of_Figure_on_Mule.jpg","Unknown",0.5,"Unable to determine medium from filename"
"public/product_images/059_Group_of_Standing_Farmers.jpg","Unknown Artist","059_Group_of_Standing_Farmers.jpg","Unknown",0.5,"Unable to determine medium from filename"
"public/product_images/058_Porth_Uchaf.jpg","Unknown Artist","058_Porth_Uchaf.jpg","Unknown",0.5,"Unable to determine medium from filename"
"public/product_images/057_Buchod_Dafydd.jpg","Unknown Artist","057_Buchod_Dafydd.jpg","Unknown",0.5,"Unable to determine medium from filename"
"public/product_images/056_The_Rising_Moon.jpg","Unknown Artist","056_The_Rising_Moon.jpg","Unknown",0.5,"Unable to determine medium from filename"
"public/product_images/055_Bathers.jpg","Unknown Artist","055_Bathers.jpg","Unknown",0.5,"Unable to determine medium from filename"
"public/product_images/054_Coastal_view_at_Dusk__Saundersfoot__Pembrokeshire.jpg","Unknown Artist","054_Coastal_view_at_Dusk__Saundersfoot__Pembrokeshire.jpg","Unknown",0.5,"Unable to determine medium from filename"
"public/product_images/053_All_Flash.jpg","Unknown Artist","053_All_Flash.jpg","Unknown",0.5,"Unable to determine medium from filename"
"public/product_images/052_Eric__Gwern_Borter__1924.jpg","Unknown Artist","052_Eric__Gwern_Borter__1924.jpg","Unknown",0.5,"Unable to determine medium from filename"
"public/product_images/051_Anyworld.jpg","Unknown Artist","051_Anyworld.jpg","Unknown",0.5,"Unable to determine medium from filename"
"public/product_images/050_Feeding_the_Birds.jpg","Unknown Artist","050_Feeding_the_Birds.jpg","Unknown",0.5,"Unable to determine medium from filename"
"public/product_images/049_Moon_Dog.jpg","Unknown Artist","049_Moon_Dog.jpg","Unknown",0.5,"Unable to determine medium from filename"
"public/product_images/048_Gower_Beach.jpg","Unknown Artist","048_Gower_Beach.jpg","Unknown",0.5,"Unable to determine medium from filename"
"public/product_images/047_Sloop_Inn__St._Ives.jpg","Unknown Artist","047_Sloop_Inn__St._Ives.jpg","Unknown",0.5,"Unable to determine medium from filename"
"public/product_images/046_Portrait_of_Mair_Stuart.jpg","Unknown Artist","046_Portrait_of_Mair_Stuart.jpg","Unknown",0.5,"Unable to determine medium from filename"
"public/product_images/045_Victoria___Albert_Museum.jpg","Unknown Artist","045_Victoria___Albert_Museum.jpg","Unknown",0.5,"Unable to determine medium from filename"
"public/product_images/044_The_Brangwyn_Portfolio_of_lithographs__with_additional_etchings.jpg","Unknown Artist","044_The_Brangwyn_Portfolio_of_lithographs__with_additional_etchings.jpg","Print",0.8,"Identified as print based on filename keywords"
"public/product_images/043_The_Brangwyn_Portfolio_of_lithographs.jpg","Unknown Artist","043_The_Brangwyn_Portfolio_of_lithographs.jpg","Print",0.8,"Identified as print based on filename keywords"
"public/product_images/042_Three_Blind_Women___The_Drunk.jpg","Unknown Artist","042_Three_Blind_Women___The_Drunk.jpg","Unknown",0.5,"Unable to determine medium from filename"
"public/product_images/041_Australian_Crucifixion.jpg","Unknown Artist","041_Australian_Crucifixion.jpg","Unknown",0.5,"Unable to determine medium from filename"
"public/product_images/040_Tyger_Tyger.jpg","Unknown Artist","040_Tyger_Tyger.jpg","Unknown",0.5,"Unable to determine medium from filename"
"public/product_images/039_Tyger_Tyger.jpg","Unknown Artist","039_Tyger_Tyger.jpg","Unknown",0.5,"Unable to determine medium from filename"
"public/product_images/038_London.jpg","Unknown Artist","038_London.jpg","Unknown",0.5,"Unable to determine medium from filename"
"public/product_images/037_Everybody_Wants_to_be_Somebody.jpg","Unknown Artist","037_Everybody_Wants_to_be_Somebody.jpg","Unknown",0.5,"Unable to determine medium from filename"
"public/product_images/036_Free_at_last.jpg","Unknown Artist","036_Free_at_last.jpg","Unknown",0.5,"Unable to determine medium from filename"
"public/product_images/035_Profile_in_Courage.jpg","Unknown Artist","035_Profile_in_Courage.jpg","Unknown",0.5,"Unable to determine medium from filename"
"public/product_images/034_Nobody_Can_Stop_an_Idea_Whose_Time_Has_Come.jpg","Unknown Artist","034_Nobody_Can_Stop_an_Idea_Whose_Time_Has_Come.jpg","Unknown",0.5,"Unable to determine medium from filename"
"public/product_images/033_Robert_Owen.jpg","Unknown Artist","033_Robert_Owen.jpg","Unknown",0.5,"Unable to determine medium from filename"
"public/product_images/032_Under_the_Yew_Tree.jpg","Unknown Artist","032_Under_the_Yew_Tree.jpg","Unknown",0.5,"Unable to determine medium from filename"
"public/product_images/031_Faith.jpg","Unknown Artist","031_Faith.jpg","Unknown",0.5,"Unable to determine medium from filename"
"public/product_images/030_How_many_ages.jpg","Unknown Artist","030_How_many_ages.jpg","Unknown",0.5,"Unable to determine medium from filename"
"public/product_images/029_St_James.jpg","Unknown Artist","029_St_James.jpg","Unknown",0.5,"Unable to determine medium from filename"
"public/product_images/028_Verso.jpg","Unknown Artist","028_Verso.jpg","Unknown",0.5,"Unable to determine medium from filename"
"public/product_images/027_The_Steps.jpg","Unknown Artist","027_The_Steps.jpg","Unknown",0.5,"Unable to determine medium from filename"
"public/product_images/026_Viaggio_Verso_II_Nord.jpg","Unknown Artist","026_Viaggio_Verso_II_Nord.jpg","Unknown",0.5,"Unable to determine medium from filename"
"public/product_images/025_Viaggio_Verso_il_Nord_1972.jpg","Unknown Artist","025_Viaggio_Verso_il_Nord_1972.jpg","Unknown",0.5,"Unable to determine medium from filename"
"public/product_images/024_Cockatoo.jpg","Unknown Artist","024_Cockatoo.jpg","Unknown",0.5,"Unable to determine medium from filename"
"public/product_images/023_Cottage_Landscape.jpg","Unknown Artist","023_Cottage_Landscape.jpg","Unknown",0.5,"Unable to determine medium from filename"
"public/product_images/022_Ice_skaters_on_a_frozen_river.jpg","Unknown Artist","022_Ice_skaters_on_a_frozen_river.jpg","Unknown",0.5,"Unable to determine medium from filename"
"public/product_images/021_The_Hedgecutter.jpg","Unknown Artist","021_The_Hedgecutter.jpg","Unknown",0.5,"Unable to determine medium from filename"
"public/product_images/020_The_Fuel_Gatherers.jpg","Unknown Artist","020_The_Fuel_Gatherers.jpg","Unknown",0.5,"Unable to determine medium from filename"
"public/product_images/019_Abstract_still_life.jpg","Unknown Artist","019_Abstract_still_life.jpg","Unknown",0.5,"Unable to determine medium from filename"
"public/product_images/018_Gundog_pair_stalking_grouse_in_cover.jpg","Unknown Artist","018_Gundog_pair_stalking_grouse_in_cover.jpg","Unknown",0.5,"Unable to determine medium from filename"
"public/product_images/017_Looking_towards_the_harbour.jpg","Unknown Artist","017_Looking_towards_the_harbour.jpg","Unknown",0.5,"Unable to determine medium from filename"
"public/product_images/016_Terriers_at_a_rabbit_hole.jpg","Unknown Artist","016_Terriers_at_a_rabbit_hole.jpg","Unknown",0.5,"Unable to determine medium from filename"
"public/product_images/015_Oude_Scheld_-_Texel_Island.jpg","Unknown Artist","015_Oude_Scheld_-_Texel_Island.jpg","Unknown",0.5,"Unable to determine medium from filename"
"public/product_images/014_Children_on_a_street_corner.jpg","Unknown Artist","014_Children_on_a_street_corner.jpg","Unknown",0.5,"Unable to determine medium from filename"
"public/product_images/013_French_Street_Scene.jpg","Unknown Artist","013_French_Street_Scene.jpg","Unknown",0.5,"Unable to determine medium from filename"
"public/product_images/012_Romeo_and_Juliet.jpg","Unknown Artist","012_Romeo_and_Juliet.jpg","Unknown",0.5,"Unable to determine medium from filename"
"public/product_images/011_Frieize_Of_Wallflowers__1.jpg","Unknown Artist","011_Frieize_Of_Wallflowers__1.jpg","Unknown",0.5,"Unable to determine medium from filename"
"public/product_images/010_Passing_Snowstorm_Over_The_Dee_Valley.jpg","Unknown Artist","010_Passing_Snowstorm_Over_The_Dee_Valley.jpg","Unknown",0.5,"Unable to determine medium from filename"
"public/product_images/009_Frieize_of_Wallflowers__2.jpg","Unknown Artist","009_Frieize_of_Wallflowers__2.jpg","Unknown",0.5,"Unable to determine medium from filename"
"public/product_images/008_Concourse.jpg","Unknown Artist","008_Concourse.jpg","Unknown",0.5,"Unable to determine medium from filename"
"public/product_images/007_Hollyhocks.jpg","Unknown Artist","007_Hollyhocks.jpg","Unknown",0.5,"Unable to determine medium from filename"
"public/product_images/006_Jean_Simon_Labret.jpg","Unknown Artist","006_Jean_Simon_Labret.jpg","Unknown",0.5,"Unable to determine medium from filename"
"public/product_images/005_Temptation_of_Eros.jpg","Unknown Artist","005_Temptation_of_Eros.jpg","Unknown",0.5,"Unable to determine medium from filename"
"public/product_images/004_Painting_School_of_Canaletto.jpg","Unknown Artist","004_Painting_School_of_Canaletto.jpg","Painting",0.8,"Identified as painting based on filename keywords"
"public/product_images/003_River_Dee.jpg","Unknown Artist","003_River_Dee.jpg","Unknown",0.5,"Unable to determine medium from filename"
"public/product_images/002_The_Painting_School_of_Canaletto.jpg","Unknown Artist","002_The_Painting_School_of_Canaletto.jpg","Painting",0.8,"Identified as painting based on filename keywords"
"public/product_images/001_Alfred_Bachman_[1863___1956].jpg","Unknown Artist","001_Alfred_Bachman_[1863___1956].jpg","Unknown",0.5,"Unable to determine medium from filename"
"public/Unblurred Images/Windswept_Landscape_with_Cottage.jpg","Unknown Artist","Windswept_Landscape_with_Cottage.jpg","Unknown",0.5,"Unable to determine medium from filename"
"public/Unblurred Images/Welsh_Black_Bull.jpg","Unknown Artist","Welsh_Black_Bull.jpg","Unknown",0.5,"Unable to determine medium from filename"
"public/Unblurred Images/The_Village_and_I_and_Marc_Chagall.jpg","Unknown Artist","The_Village_and_I_and_Marc_Chagall.jpg","Unknown",0.5,"Unable to determine medium from filename"
"public/Unblurred Images/The_River_Gwyrfai.jpg","Unknown Artist","The_River_Gwyrfai.jpg","Unknown",0.5,"Unable to determine medium from filename"
"public/Unblurred Images/The_Race.jpg","Unknown Artist","The_Race.jpg","Unknown",0.5,"Unable to determine medium from filename"
"public/Unblurred Images/The_Blue_Sunflower.jpg","Unknown Artist","The_Blue_Sunflower.jpg","Unknown",0.5,"Unable to determine medium from filename"
"public/Unblurred Images/Standing_Shepherd.jpg","Unknown Artist","Standing_Shepherd.jpg","Unknown",0.5,"Unable to determine medium from filename"
"public/Unblurred Images/Snowdon_from_Llyn_Mymbr.jpg","Unknown Artist","Snowdon_from_Llyn_Mymbr.jpg","Unknown",0.5,"Unable to determine medium from filename"
"public/Unblurred Images/Road_to_the_Mine_Blaenau_Ffestiniog.jpg","Unknown Artist","Road_to_the_Mine_Blaenau_Ffestiniog.jpg","Unknown",0.5,"Unable to determine medium from filename"
"public/Unblurred Images/Pontllyfni_in_Snow.jpg","Unknown Artist","Pontllyfni_in_Snow.jpg","Unknown",0.5,"Unable to determine medium from filename"
"public/Unblurred Images/Ponies_Anglesey.jpg","Unknown Artist","Ponies_Anglesey.jpg","Unknown",0.5,"Unable to determine medium from filename"
"public/Unblurred Images/Playing_Recorders.jpg","Unknown Artist","Playing_Recorders.jpg","Unknown",0.5,"Unable to determine medium from filename"
"public/Unblurred Images/Phyllis_at_Creswell_Quay_Pembs.jpg","Unknown Artist","Phyllis_at_Creswell_Quay_Pembs.jpg","Unknown",0.5,"Unable to determine medium from filename"
"public/Unblurred Images/Penarth_Pier.jpg","Unknown Artist","Penarth_Pier.jpg","Unknown",0.5,"Unable to determine medium from filename"
"public/Unblurred Images/News_Please.jpg","Unknown Artist","News_Please.jpg","Unknown",0.5,"Unable to determine medium from filename"
"public/Unblurred Images/Moelfre.jpg","Unknown Artist","Moelfre.jpg","Unknown",0.5,"Unable to determine medium from filename"
"public/Unblurred Images/Misty_Flooded_Moorland.jpg","Unknown Artist","Misty_Flooded_Moorland.jpg","Unknown",0.5,"Unable to determine medium from filename"
"public/Unblurred Images/Man_Mowing.jpg","Unknown Artist","Man_Mowing.jpg","Unknown",0.5,"Unable to determine medium from filename"
"public/Unblurred Images/Llyn-y-Fan_Fach.jpg","Unknown Artist","Llyn-y-Fan_Fach.jpg","Unknown",0.5,"Unable to determine medium from filename"
"public/Unblurred Images/Llanfachraeth.jpg","Unknown Artist","Llanfachraeth.jpg","Unknown",0.5,"Unable to determine medium from filename"
"public/Unblurred Images/Landscape_Series_No.37.jpg","Unknown Artist","Landscape_Series_No.37.jpg","Unknown",0.5,"Unable to determine medium from filename"
"public/Unblurred Images/Killjoy.jpg","Unknown Artist","Killjoy.jpg","Unknown",0.5,"Unable to determine medium from filename"
"public/Unblurred Images/Horses_at_Lle_Cul.jpg","Unknown Artist","Horses_at_Lle_Cul.jpg","Unknown",0.5,"Unable to determine medium from filename"
"public/Unblurred Images/Hon.jpg","Unknown Artist","Hon.jpg","Unknown",0.5,"Unable to determine medium from filename"
"public/Unblurred Images/Flowers_Lupins.jpg","Unknown Artist","Flowers_Lupins.jpg","Unknown",0.5,"Unable to determine medium from filename"
"public/Unblurred Images/Fishing_Boats_Marina.jpg","Unknown Artist","Fishing_Boats_Marina.jpg","Unknown",0.5,"Unable to determine medium from filename"
"public/Unblurred Images/Figure_at_Doorway_with_Garden.jpg","Unknown Artist","Figure_at_Doorway_with_Garden.jpg","Unknown",0.5,"Unable to determine medium from filename"
"public/Unblurred Images/Farmer_with_Walking_Stick.jpg","Unknown Artist","Farmer_with_Walking_Stick.jpg","Unknown",0.5,"Unable to determine medium from filename"
"public/Unblurred Images/Farmer_in_Overcoat_with_Walking_Stick.jpg","Unknown Artist","Farmer_in_Overcoat_with_Walking_Stick.jpg","Unknown",0.5,"Unable to determine medium from filename"
"public/Unblurred Images/Earth_Vs.Venus.jpg","Unknown Artist","Earth_Vs.Venus.jpg","Unknown",0.5,"Unable to determine medium from filename"
"public/Unblurred Images/Early_Still-Life_Wine_and_Flowers.jpg","Unknown Artist","Early_Still-Life_Wine_and_Flowers.jpg","Unknown",0.5,"Unable to determine medium from filename"
"public/Unblurred Images/Cow_and_Farm_Hopper.jpg","Unknown Artist","Cow_and_Farm_Hopper.jpg","Unknown",0.5,"Unable to determine medium from filename"
"public/Unblurred Images/Coracler.jpg","Unknown Artist","Coracler.jpg","Unknown",0.5,"Unable to determine medium from filename"
"public/Unblurred Images/Colourful_Study_of_Figure_on_Mule.jpg","Unknown Artist","Colourful_Study_of_Figure_on_Mule.jpg","Unknown",0.5,"Unable to determine medium from filename"
"public/Unblurred Images/Cockle_Pickers.jpg","Unknown Artist","Cockle_Pickers.jpg","Unknown",0.5,"Unable to determine medium from filename"
"public/Unblurred Images/Autumnal_Landscape_with_Trees.jpg","Unknown Artist","Autumnal_Landscape_with_Trees.jpg","Unknown",0.5,"Unable to determine medium from filename"
"public/Unblurred Images/Autumnal_Landscape.jpg","Unknown Artist","Autumnal_Landscape.jpg","Unknown",0.5,"Unable to determine medium from filename"
"public/Unblurred Images/Anglesey_in_Winter.jpg","Unknown Artist","Anglesey_in_Winter.jpg","Unknown",0.5,"Unable to determine medium from filename"
"public/unknown_welsh_artist/products/The_River_Gwyrfai.jpg","unknown welsh artist","The_River_Gwyrfai.jpg","Unknown",0.5,"Unable to determine medium from filename"
"public/unknown_welsh_artist/products/Snowdon_from_Llyn_Mymbr.jpg","unknown welsh artist","Snowdon_from_Llyn_Mymbr.jpg","Unknown",0.5,"Unable to determine medium from filename"
"public/unknown_welsh_artist/products/Road_to_the_Mine__Blaenau_Ffestiniog.jpg","unknown welsh artist","Road_to_the_Mine__Blaenau_Ffestiniog.jpg","Unknown",0.5,"Unable to determine medium from filename"
"public/unknown_welsh_artist/products/Pontllyfni_in_Snow.jpg","unknown welsh artist","Pontllyfni_in_Snow.jpg","Unknown",0.5,"Unable to determine medium from filename"
"public/unknown_welsh_artist/products/Ponies__Anglesey.jpg","unknown welsh artist","Ponies__Anglesey.jpg","Unknown",0.5,"Unable to determine medium from filename"
"public/unknown_welsh_artist/products/Penarth_Pier.jpg","unknown welsh artist","Penarth_Pier.jpg","Unknown",0.5,"Unable to determine medium from filename"
"public/unknown_welsh_artist/products/Moelfre.jpg","unknown welsh artist","Moelfre.jpg","Unknown",0.5,"Unable to determine medium from filename"
"public/unknown_welsh_artist/products/Llyn-y-Fan_Fach.jpg","unknown welsh artist","Llyn-y-Fan_Fach.jpg","Unknown",0.5,"Unable to determine medium from filename"
"public/unknown_welsh_artist/products/Llanfachraeth.jpg","unknown welsh artist","Llanfachraeth.jpg","Unknown",0.5,"Unable to determine medium from filename"
"public/unknown_welsh_artist/products/Gower_Beach.jpg","unknown welsh artist","Gower_Beach.jpg","Unknown",0.5,"Unable to determine medium from filename"
"public/unknown_welsh_artist/products/Coastal_view_at_Dusk__Saundersfoot__Pembrokeshire.jpg","unknown welsh artist","Coastal_view_at_Dusk__Saundersfoot__Pembrokeshire.jpg","Unknown",0.5,"Unable to determine medium from filename"
"public/unknown_welsh_artist/products/Anglesey_in_Winter.jpg","unknown welsh artist","Anglesey_in_Winter.jpg","Unknown",0.5,"Unable to determine medium from filename"
"public/unknown_artist__referencing_marc_chagall_/products/The_Village_and_I_and_Marc_Chagall.jpg","unknown artist  referencing marc chagall ","The_Village_and_I_and_Marc_Chagall.jpg","Unknown",0.5,"Unable to determine medium from filename"
"public/steve_tootell/products/Steve_s_Charities_Copy.jpg","steve tootell","Steve_s_Charities_Copy.jpg","Unknown",0.5,"Unable to determine medium from filename"
"public/steve_tootell/products/Steve_WORKING.jpg","steve tootell","Steve_WORKING.jpg","Unknown",0.5,"Unable to determine medium from filename"
"public/steve_tootell/products/Steve_WORK.jpg","steve tootell","Steve_WORK.jpg","Unknown",0.5,"Unable to determine medium from filename"
"public/steve_tootell/products/Steve_Puts_It_Out.jpg","steve tootell","Steve_Puts_It_Out.jpg","Unknown",0.5,"Unable to determine medium from filename"
"public/steve_tootell/products/Steve_FIRE.jpg","steve tootell","Steve_FIRE.jpg","Unknown",0.5,"Unable to determine medium from filename"
"public/steve_tootell/products/Steve_AT_WORK.jpg","steve tootell","Steve_AT_WORK.jpg","Unknown",0.5,"Unable to determine medium from filename"
"public/steve_tootell/products/ST_9  Vase_image_1_product.png","steve tootell","ST_9  Vase_image_1_product.png","Unknown",0.5,"Unable to determine medium from filename"
"public/steve_tootell/products/ST_8_JAR.jpg","steve tootell","ST_8_JAR.jpg","Unknown",0.5,"Unable to determine medium from filename"
"public/steve_tootell/products/ST_8 JAR_image_1_product.png","steve tootell","ST_8 JAR_image_1_product.png","Unknown",0.5,"Unable to determine medium from filename"
"public/steve_tootell/products/ST_7_Sod_Sil_Bottle.jpg","steve tootell","ST_7_Sod_Sil_Bottle.jpg","Unknown",0.5,"Unable to determine medium from filename"
"public/steve_tootell/products/ST_7 sod sil bottle_image_1_product.png","steve tootell","ST_7 sod sil bottle_image_1_product.png","Unknown",0.5,"Unable to determine medium from filename"
"public/steve_tootell/products/ST_3_Shell_Feet_Shino_Vase.jpg","steve tootell","ST_3_Shell_Feet_Shino_Vase.jpg","Unknown",0.5,"Unable to determine medium from filename"
"public/steve_tootell/products/ST_33 tootstea33.jpg","steve tootell","ST_33 tootstea33.jpg","Unknown",0.5,"Unable to determine medium from filename"
"public/steve_tootell/products/ST_3 shell feet shino vase_image_1_product.png","steve tootell","ST_3 shell feet shino vase_image_1_product.png","Unknown",0.5,"Unable to determine medium from filename"
"public/steve_tootell/products/ST_2_Jar.jpg","steve tootell","ST_2_Jar.jpg","Unknown",0.5,"Unable to determine medium from filename"
"public/steve_tootell/products/ST_2 Jar_image_1_product.png","steve tootell","ST_2 Jar_image_1_product.png","Unknown",0.5,"Unable to determine medium from filename"
"public/steve_tootell/products/ST_1_Chalice.jpg","steve tootell","ST_1_Chalice.jpg","Unknown",0.5,"Unable to determine medium from filename"
"public/steve_tootell/products/ST_16_Steve_Pitcher_ST16.jpg","steve tootell","ST_16_Steve_Pitcher_ST16.jpg","Unknown",0.5,"Unable to determine medium from filename"
"public/steve_tootell/products/ST_16 Steve Pitcher ST16_image_1_product.png","steve tootell","ST_16 Steve Pitcher ST16_image_1_product.png","Unknown",0.5,"Unable to determine medium from filename"
"public/steve_tootell/products/ST_15_Tall_Japanese_Text.jpg","steve tootell","ST_15_Tall_Japanese_Text.jpg","Unknown",0.5,"Unable to determine medium from filename"
"public/steve_tootell/products/ST_15 tall jpanese text_image_1_product.png","steve tootell","ST_15 tall jpanese text_image_1_product.png","Unknown",0.5,"Unable to determine medium from filename"
"public/steve_tootell/products/ST_14_Tall_Blue_Jar.jpg","steve tootell","ST_14_Tall_Blue_Jar.jpg","Unknown",0.5,"Unable to determine medium from filename"
"public/steve_tootell/products/ST_14 tall blue jar_image_1_product.png","steve tootell","ST_14 tall blue jar_image_1_product.png","Unknown",0.5,"Unable to determine medium from filename"
"public/steve_tootell/products/ST_13_Tall_Blue_Brown_Jar.jpg","steve tootell","ST_13_Tall_Blue_Brown_Jar.jpg","Unknown",0.5,"Unable to determine medium from filename"
"public/steve_tootell/products/ST_13 tall blue brown jar_image_1_product.png","steve tootell","ST_13 tall blue brown jar_image_1_product.png","Unknown",0.5,"Unable to determine medium from filename"
"public/steve_tootell/products/ST_12_-_Bottle.jpg","steve tootell","ST_12_-_Bottle.jpg","Unknown",0.5,"Unable to determine medium from filename"
"public/steve_tootell/products/ST_12 - Bottle_image_1_product.png","steve tootell","ST_12 - Bottle_image_1_product.png","Unknown",0.5,"Unable to determine medium from filename"
"public/steve_tootell/products/ST_11_Steve_Jar_ST_11.jpg","steve tootell","ST_11_Steve_Jar_ST_11.jpg","Unknown",0.5,"Unable to determine medium from filename"
"public/steve_tootell/products/ST_11 Steve Jar ST 11_image_1_product.png","steve tootell","ST_11 Steve Jar ST 11_image_1_product.png","Unknown",0.5,"Unable to determine medium from filename"
"public/steve_tootell/products/ST_1 Chalice_image_1_product.png","steve tootell","ST_1 Chalice_image_1_product.png","Unknown",0.5,"Unable to determine medium from filename"
"public/steve_tootell/products/ST6a_product.png","steve tootell","ST6a_product.png","Unknown",0.5,"Unable to determine medium from filename"
"public/steve_tootell/products/ST6_product.png","steve tootell","ST6_product.png","Unknown",0.5,"Unable to determine medium from filename"
"public/steve_tootell/products/ST5_product.png","steve tootell","ST5_product.png","Unknown",0.5,"Unable to determine medium from filename"
"public/steve_tootell/products/ST4_product.png","steve tootell","ST4_product.png","Unknown",0.5,"Unable to determine medium from filename"
"public/steve_tootell/products/Portrait.jpg","steve tootell","Portrait.jpg","Unknown",0.5,"Unable to determine medium from filename"
"public/steve_tootell/products/Apple_Tree_Studios.jpg","steve tootell","Apple_Tree_Studios.jpg","Unknown",0.5,"Unable to determine medium from filename"
"public/steve_tootell/products/Anagama_Mouth.jpg","steve tootell","Anagama_Mouth.jpg","Unknown",0.5,"Unable to determine medium from filename"
"public/unknown_artist/products/Windswept_Landscape_with_Cottage.jpg","unknown artist","Windswept_Landscape_with_Cottage.jpg","Unknown",0.5,"Unable to determine medium from filename"
"public/unknown_artist/products/Welsh_Black_Bull.jpg","unknown artist","Welsh_Black_Bull.jpg","Unknown",0.5,"Unable to determine medium from filename"
"public/unknown_artist/products/Victoria___Albert_Museum.jpg","unknown artist","Victoria___Albert_Museum.jpg","Unknown",0.5,"Unable to determine medium from filename"
"public/unknown_artist/products/Viaggio_Verso_il_Nord_1972.jpg","unknown artist","Viaggio_Verso_il_Nord_1972.jpg","Unknown",0.5,"Unable to determine medium from filename"
"public/unknown_artist/products/Viaggio_Verso_II_Nord.jpg","unknown artist","Viaggio_Verso_II_Nord.jpg","Unknown",0.5,"Unable to determine medium from filename"
"public/unknown_artist/products/Verso.jpg","unknown artist","Verso.jpg","Unknown",0.5,"Unable to determine medium from filename"
"public/unknown_artist/products/Under_the_Yew_Tree.jpg","unknown artist","Under_the_Yew_Tree.jpg","Unknown",0.5,"Unable to determine medium from filename"
"public/unknown_artist/products/Tyger_Tyger.jpg","unknown artist","Tyger_Tyger.jpg","Unknown",0.5,"Unable to determine medium from filename"
"public/unknown_artist/products/Three_Blind_Women___The_Drunk.jpg","unknown artist","Three_Blind_Women___The_Drunk.jpg","Unknown",0.5,"Unable to determine medium from filename"
"public/unknown_artist/products/The_Steps.jpg","unknown artist","The_Steps.jpg","Unknown",0.5,"Unable to determine medium from filename"
"public/unknown_artist/products/The_Rising_Moon.jpg","unknown artist","The_Rising_Moon.jpg","Unknown",0.5,"Unable to determine medium from filename"
"public/unknown_artist/products/The_Race.jpg","unknown artist","The_Race.jpg","Unknown",0.5,"Unable to determine medium from filename"
"public/unknown_artist/products/The_Hedgecutter.jpg","unknown artist","The_Hedgecutter.jpg","Unknown",0.5,"Unable to determine medium from filename"
"public/unknown_artist/products/The_Fuel_Gatherers.jpg","unknown artist","The_Fuel_Gatherers.jpg","Unknown",0.5,"Unable to determine medium from filename"
"public/unknown_artist/products/The_Blue_Sunflower.jpg","unknown artist","The_Blue_Sunflower.jpg","Unknown",0.5,"Unable to determine medium from filename"
"public/unknown_artist/products/Terriers_at_a_rabbit_hole.jpg","unknown artist","Terriers_at_a_rabbit_hole.jpg","Unknown",0.5,"Unable to determine medium from filename"
"public/unknown_artist/products/Still_Life_with_Olives.jpg","unknown artist","Still_Life_with_Olives.jpg","Unknown",0.5,"Unable to determine medium from filename"
"public/unknown_artist/products/Standing_Shepherd.jpg","unknown artist","Standing_Shepherd.jpg","Unknown",0.5,"Unable to determine medium from filename"
"public/unknown_artist/products/St_James.jpg","unknown artist","St_James.jpg","Unknown",0.5,"Unable to determine medium from filename"
"public/unknown_artist/products/Sloop_Inn__St._Ives.jpg","unknown artist","Sloop_Inn__St._Ives.jpg","Unknown",0.5,"Unable to determine medium from filename"
"public/unknown_artist/products/Simon_Labret.jpg","unknown artist","Simon_Labret.jpg","Unknown",0.5,"Unable to determine medium from filename"
"public/unknown_artist/products/Romeo_and_Juliet.jpg","unknown artist","Romeo_and_Juliet.jpg","Unknown",0.5,"Unable to determine medium from filename"
"public/unknown_artist/products/Profile_in_Courage.jpg","unknown artist","Profile_in_Courage.jpg","Unknown",0.5,"Unable to determine medium from filename"
"public/unknown_artist/products/Porth_Uchaf.jpg","unknown artist","Porth_Uchaf.jpg","Unknown",0.5,"Unable to determine medium from filename"
"public/unknown_artist/products/Poet_Dylan_Thomas.jpg","unknown artist","Poet_Dylan_Thomas.jpg","Unknown",0.5,"Unable to determine medium from filename"
"public/unknown_artist/products/Playing_Recorders.jpg","unknown artist","Playing_Recorders.jpg","Unknown",0.5,"Unable to determine medium from filename"
"public/unknown_artist/products/Phyllis_at_Creswell_Quay__Pembs.jpg","unknown artist","Phyllis_at_Creswell_Quay__Pembs.jpg","Unknown",0.5,"Unable to determine medium from filename"
"public/unknown_artist/products/Passing_Snowstorm_Over_The_Dee_Valley.jpg","unknown artist","Passing_Snowstorm_Over_The_Dee_Valley.jpg","Unknown",0.5,"Unable to determine medium from filename"
"public/unknown_artist/products/Oude_Scheld_-_Texel_Island.jpg","unknown artist","Oude_Scheld_-_Texel_Island.jpg","Unknown",0.5,"Unable to determine medium from filename"
"public/unknown_artist/products/Nobody_Can_Stop_an_Idea_Whose_Time_Has_Come_.jpg","unknown artist","Nobody_Can_Stop_an_Idea_Whose_Time_Has_Come_.jpg","Unknown",0.5,"Unable to determine medium from filename"
"public/unknown_artist/products/News_Please.jpg","unknown artist","News_Please.jpg","Unknown",0.5,"Unable to determine medium from filename"
"public/unknown_artist/products/Moon_Dog.jpg","unknown artist","Moon_Dog.jpg","Unknown",0.5,"Unable to determine medium from filename"
"public/unknown_artist/products/Misty_Flooded_Moorland.jpg","unknown artist","Misty_Flooded_Moorland.jpg","Unknown",0.5,"Unable to determine medium from filename"
"public/unknown_artist/products/Man_Mowing.jpg","unknown artist","Man_Mowing.jpg","Unknown",0.5,"Unable to determine medium from filename"
"public/unknown_artist/products/Mair_Stuart.jpg","unknown artist","Mair_Stuart.jpg","Unknown",0.5,"Unable to determine medium from filename"
"public/unknown_artist/products/Looking_towards_the_harbour.jpg","unknown artist","Looking_towards_the_harbour.jpg","Unknown",0.5,"Unable to determine medium from filename"
"public/unknown_artist/products/London.jpg","unknown artist","London.jpg","Unknown",0.5,"Unable to determine medium from filename"
"public/unknown_artist/products/Locks.jpg","unknown artist","Locks.jpg","Unknown",0.5,"Unable to determine medium from filename"
"public/unknown_artist/products/Landscape_Series_No.37.jpg","unknown artist","Landscape_Series_No.37.jpg","Unknown",0.5,"Unable to determine medium from filename"
"public/unknown_artist/products/Killjoy.jpg","unknown artist","Killjoy.jpg","Unknown",0.5,"Unable to determine medium from filename"
"public/unknown_artist/products/Ice_skaters_on_a_frozen_river.jpg","unknown artist","Ice_skaters_on_a_frozen_river.jpg","Unknown",0.5,"Unable to determine medium from filename"
"public/unknown_artist/products/How_many_ages.jpg","unknown artist","How_many_ages.jpg","Unknown",0.5,"Unable to determine medium from filename"
"public/unknown_artist/products/Horses_at_Lle_Cul.jpg","unknown artist","Horses_at_Lle_Cul.jpg","Unknown",0.5,"Unable to determine medium from filename"
"public/unknown_artist/products/Hon.jpg","unknown artist","Hon.jpg","Unknown",0.5,"Unable to determine medium from filename"
"public/unknown_artist/products/Hollyhocks.jpg","unknown artist","Hollyhocks.jpg","Unknown",0.5,"Unable to determine medium from filename"
"public/unknown_artist/products/Gundog_pair_stalking_grouse_in_cover.jpg","unknown artist","Gundog_pair_stalking_grouse_in_cover.jpg","Unknown",0.5,"Unable to determine medium from filename"
"public/unknown_artist/products/Group_of_Standing_Farmers.jpg","unknown artist","Group_of_Standing_Farmers.jpg","Unknown",0.5,"Unable to determine medium from filename"
"public/unknown_artist/products/Frieize_of_Wallflowers__2.jpg","unknown artist","Frieize_of_Wallflowers__2.jpg","Unknown",0.5,"Unable to determine medium from filename"
"public/unknown_artist/products/Frieize_Of_Wallflowers__1.jpg","unknown artist","Frieize_Of_Wallflowers__1.jpg","Unknown",0.5,"Unable to determine medium from filename"
"public/unknown_artist/products/French_Street_Scene.jpg","unknown artist","French_Street_Scene.jpg","Unknown",0.5,"Unable to determine medium from filename"
"public/unknown_artist/products/Free_at_last.jpg","unknown artist","Free_at_last.jpg","Unknown",0.5,"Unable to determine medium from filename"
"public/unknown_artist/products/Flowers__Lupins.jpg","unknown artist","Flowers__Lupins.jpg","Unknown",0.5,"Unable to determine medium from filename"
"public/unknown_artist/products/Fishing_Boats__Marina.jpg","unknown artist","Fishing_Boats__Marina.jpg","Unknown",0.5,"Unable to determine medium from filename"
"public/unknown_artist/products/Figure_at_Doorway_with_Garden.jpg","unknown artist","Figure_at_Doorway_with_Garden.jpg","Unknown",0.5,"Unable to determine medium from filename"
"public/unknown_artist/products/Feeding_the_Birds.jpg","unknown artist","Feeding_the_Birds.jpg","Unknown",0.5,"Unable to determine medium from filename"
"public/unknown_artist/products/Farmer_with_Walking_Stick.jpg","unknown artist","Farmer_with_Walking_Stick.jpg","Unknown",0.5,"Unable to determine medium from filename"
"public/unknown_artist/products/Farmer_in_Overcoat_with_Walking_Stick.jpg","unknown artist","Farmer_in_Overcoat_with_Walking_Stick.jpg","Unknown",0.5,"Unable to determine medium from filename"
"public/unknown_artist/products/Faith.jpg","unknown artist","Faith.jpg","Unknown",0.5,"Unable to determine medium from filename"
"public/unknown_artist/products/Everybody_Wants_to_be_Somebody.jpg","unknown artist","Everybody_Wants_to_be_Somebody.jpg","Unknown",0.5,"Unable to determine medium from filename"
"public/unknown_artist/products/Earth_Vs.Venus.jpg","unknown artist","Earth_Vs.Venus.jpg","Unknown",0.5,"Unable to determine medium from filename"
"public/unknown_artist/products/Early_Still-Life__Wine_and_Flowers.jpg","unknown artist","Early_Still-Life__Wine_and_Flowers.jpg","Unknown",0.5,"Unable to determine medium from filename"
"public/unknown_artist/products/Cutting_Images.jpg","unknown artist","Cutting_Images.jpg","Unknown",0.5,"Unable to determine medium from filename"
"public/unknown_artist/products/Cow_and_Farm_Hopper.jpg","unknown artist","Cow_and_Farm_Hopper.jpg","Unknown",0.5,"Unable to determine medium from filename"
"public/unknown_artist/products/Cottage_Landscape.jpg","unknown artist","Cottage_Landscape.jpg","Unknown",0.5,"Unable to determine medium from filename"
"public/unknown_artist/products/Coracler.jpg","unknown artist","Coracler.jpg","Unknown",0.5,"Unable to determine medium from filename"
"public/unknown_artist/products/Concourse.jpg","unknown artist","Concourse.jpg","Unknown",0.5,"Unable to determine medium from filename"
"public/unknown_artist/products/Colourful_Study_of_Figure_on_Mule.jpg","unknown artist","Colourful_Study_of_Figure_on_Mule.jpg","Unknown",0.5,"Unable to determine medium from filename"
"public/unknown_artist/products/Cockle_Pickers.jpg","unknown artist","Cockle_Pickers.jpg","Unknown",0.5,"Unable to determine medium from filename"
"public/unknown_artist/products/Cockatoo.jpg","unknown artist","Cockatoo.jpg","Unknown",0.5,"Unable to determine medium from filename"
"public/unknown_artist/products/Children_on_the_Beach.jpg","unknown artist","Children_on_the_Beach.jpg","Unknown",0.5,"Unable to determine medium from filename"
"public/unknown_artist/products/Children_on_a_street_corner.jpg","unknown artist","Children_on_a_street_corner.jpg","Unknown",0.5,"Unable to determine medium from filename"
"public/unknown_artist/products/Buchod_Dafydd.jpg","unknown artist","Buchod_Dafydd.jpg","Unknown",0.5,"Unable to determine medium from filename"
"public/unknown_artist/products/Bathers.jpg","unknown artist","Bathers.jpg","Unknown",0.5,"Unable to determine medium from filename"
"public/unknown_artist/products/Bachman__1863___1956_.jpg","unknown artist","Bachman__1863___1956_.jpg","Unknown",0.5,"Unable to determine medium from filename"
"public/unknown_artist/products/Autumnal_Landscape_with_Trees.jpg","unknown artist","Autumnal_Landscape_with_Trees.jpg","Unknown",0.5,"Unable to determine medium from filename"
"public/unknown_artist/products/Autumnal_Landscape.jpg","unknown artist","Autumnal_Landscape.jpg","Unknown",0.5,"Unable to determine medium from filename"
"public/unknown_artist/products/Australian_Crucifixion.jpg","unknown artist","Australian_Crucifixion.jpg","Unknown",0.5,"Unable to determine medium from filename"
"public/unknown_artist/products/Anyworld.jpg","unknown artist","Anyworld.jpg","Unknown",0.5,"Unable to determine medium from filename"
"public/unknown_artist/products/All_Flash.jpg","unknown artist","All_Flash.jpg","Unknown",0.5,"Unable to determine medium from filename"
"public/unknown_artist/products/Abstract_still_life.jpg","unknown artist","Abstract_still_life.jpg","Unknown",0.5,"Unable to determine medium from filename"
"public/unknown_artist/products/74x74cm_Abstract_V.jpg","unknown artist","74x74cm_Abstract_V.jpg","Unknown",0.5,"Unable to determine medium from filename"
"public/unknown_artist/products/74x74cm_Abstract_IV.jpg","unknown artist","74x74cm_Abstract_IV.jpg","Unknown",0.5,"Unable to determine medium from filename"
"public/unknown_artist/products/74x74cm_Abstract_III.jpg","unknown artist","74x74cm_Abstract_III.jpg","Unknown",0.5,"Unable to determine medium from filename"
"public/unknown_artist/products/74x74cm_Abstract_II.jpg","unknown artist","74x74cm_Abstract_II.jpg","Unknown",0.5,"Unable to determine medium from filename"
"public/unknown_artist/products/74x74cm_Abstract_I.jpg","unknown artist","74x74cm_Abstract_I.jpg","Unknown",0.5,"Unable to determine medium from filename"
"public/unknown_artist/products/54x54cm_Abstract.jpg","unknown artist","54x54cm_Abstract.jpg","Unknown",0.5,"Unable to determine medium from filename"
"public/steve_page/products/Twrch.jpg","steve page","Twrch.jpg","Unknown",0.5,"Unable to determine medium from filename"
"public/steve_page/products/Pony.jpg","steve page","Pony.jpg","Unknown",0.5,"Unable to determine medium from filename"
"public/steve_page/products/Crow.jpg","steve page","Crow.jpg","Unknown",0.5,"Unable to determine medium from filename"
"public/steve_page/products/Big_Blue.jpg","steve page","Big_Blue.jpg","Unknown",0.5,"Unable to determine medium from filename"
"public/steve_page/products/Big Blue.jpg","steve page","Big Blue.jpg","Unknown",0.5,"Unable to determine medium from filename"
"public/school_of_canaletto/products/The_Painting_School_of_Canaletto.jpg","school of canaletto","The_Painting_School_of_Canaletto.jpg","Painting",0.8,"Identified as painting based on filename keywords"
"public/school_of_canaletto/products/Painting_School_of_Canaletto.jpg","school of canaletto","Painting_School_of_Canaletto.jpg","Painting",0.8,"Identified as painting based on filename keywords"
"public/robert_owen/products/Owen.jpg","robert owen","Owen.jpg","Unknown",0.5,"Unable to determine medium from filename"
"public/philippa_jacobs/products/Temptation_of_Eros.jpg","philippa jacobs","Temptation_of_Eros.jpg","Unknown",0.5,"Unable to determine medium from filename"
"public/philippa_jacobs/products/River_Dee.jpg","philippa jacobs","River_Dee.jpg","Unknown",0.5,"Unable to determine medium from filename"
"public/nick_elphick/products/Horse.jpg","nick elphick","Horse.jpg","Unknown",0.5,"Unable to determine medium from filename"
"public/nick_elphick/products/Deers.jpg","nick elphick","Deers.jpg","Unknown",0.5,"Unable to determine medium from filename"
"public/nick_elphick/products/DeerHead.jpg","nick elphick","DeerHead.jpg","Unknown",0.5,"Unable to determine medium from filename"
"public/nick_elphick/products/BronzeHorse.png","nick elphick","BronzeHorse.png","Sculpture",0.8,"Identified as sculpture based on filename keywords"
"public/nick_elphick/products/BronzeHorse.jpg","nick elphick","BronzeHorse.jpg","Sculpture",0.8,"Identified as sculpture based on filename keywords"
"public/mfikela_jean_samuel/products/Travellers1_300.jpg","mfikela jean samuel","Travellers1_300.jpg","Unknown",0.5,"Unable to determine medium from filename"
"public/mfikela_jean_samuel/products/Travellers1_300.jpeg","mfikela jean samuel","Travellers1_300.jpeg","Unknown",0.5,"Unable to determine medium from filename"
"public/mfikela_jean_samuel/products/Traveller2_400.jpg","mfikela jean samuel","Traveller2_400.jpg","Unknown",0.5,"Unable to determine medium from filename"
"public/mfikela_jean_samuel/products/Traveller2_400.jpeg","mfikela jean samuel","Traveller2_400.jpeg","Unknown",0.5,"Unable to determine medium from filename"
"public/mfikela_jean_samuel/products/NaturalMystic_500.jpg","mfikela jean samuel","NaturalMystic_500.jpg","Unknown",0.5,"Unable to determine medium from filename"
"public/mfikela_jean_samuel/products/NaturalMystic_500.jpeg","mfikela jean samuel","NaturalMystic_500.jpeg","Unknown",0.5,"Unable to determine medium from filename"
"public/mfikela_jean_samuel/products/Kinambo_500.jpg","mfikela jean samuel","Kinambo_500.jpg","Unknown",0.5,"Unable to determine medium from filename"
"public/mfikela_jean_samuel/products/Kinambo_500.jpeg","mfikela jean samuel","Kinambo_500.jpeg","Unknown",0.5,"Unable to determine medium from filename"
"public/mfikela_jean_samuel/products/HeritageWithCobweb_450.jpg","mfikela jean samuel","HeritageWithCobweb_450.jpg","Unknown",0.5,"Unable to determine medium from filename"
"public/mfikela_jean_samuel/products/HeritageWithCobweb_450.jpeg","mfikela jean samuel","HeritageWithCobweb_450.jpeg","Unknown",0.5,"Unable to determine medium from filename"
"public/mfikela_jean_samuel/products/AfricanFeel_400.jpg","mfikela jean samuel","AfricanFeel_400.jpg","Unknown",0.5,"Unable to determine medium from filename"
"public/mfikela_jean_samuel/products/AfricanFeel_400.jpeg","mfikela jean samuel","AfricanFeel_400.jpeg","Unknown",0.5,"Unable to determine medium from filename"
"public/mfikela_jean_samuel/products/AfricanFeel2_400.jpg","mfikela jean samuel","AfricanFeel2_400.jpg","Unknown",0.5,"Unable to determine medium from filename"
"public/mfikela_jean_samuel/products/AfricanFeel2_400.jpeg","mfikela jean samuel","AfricanFeel2_400.jpeg","Unknown",0.5,"Unable to determine medium from filename"
"public/mfikela_jean_samuel/products/Abstract1_259.jpg","mfikela jean samuel","Abstract1_259.jpg","Unknown",0.5,"Unable to determine medium from filename"
"public/mfikela_jean_samuel/products/Abstract1_259.jpeg","mfikela jean samuel","Abstract1_259.jpeg","Unknown",0.5,"Unable to determine medium from filename"
"public/jo_anna_duncalf/products/Torso.jpg","jo anna duncalf","Torso.jpg","Unknown",0.5,"Unable to determine medium from filename"
"public/jon_clayton/products/_Parting_of_the_Ways_._74x74cm._Mixed_media_on_canvas.jpg","jon clayton","_Parting_of_the_Ways_._74x74cm._Mixed_media_on_canvas.jpg","Painting",0.8,"Identified as painting based on filename keywords"
"public/jon_clayton/products/_Mawddach__Looking_Back__Acrylic_and_mixed_media_on_canvas_74x74cm_white_wood_frame..jpg","jon clayton","_Mawddach__Looking_Back__Acrylic_and_mixed_media_on_canvas_74x74cm_white_wood_frame..jpg","Painting",0.8,"Identified as painting based on filename keywords"
"public/jon_clayton/products/_Foel_Caerynwch_-_The_Hill_from_Everywhere_._Acrylic_and_mixed_media_on_canvas_74x74cm_white_wood_frame..jpg","jon clayton","_Foel_Caerynwch_-_The_Hill_from_Everywhere_._Acrylic_and_mixed_media_on_canvas_74x74cm_white_wood_frame..jpg","Painting",0.8,"Identified as painting based on filename keywords"
"public/jon_clayton/products/_Descent_into_the_Valley_._54x54cm._mixed_media_on_found_slate_from_the_place_of_drawing_in_mid_Wales..jpg","jon clayton","_Descent_into_the_Valley_._54x54cm._mixed_media_on_found_slate_from_the_place_of_drawing_in_mid_Wales..jpg","Drawing",0.8,"Identified as drawing based on filename keywords"
"public/jon_clayton/products/_After_the_Rain___74x74cm__Acrylic_and_Mixed_media_on_canvas.jpg","jon clayton","_After_the_Rain___74x74cm__Acrylic_and_Mixed_media_on_canvas.jpg","Painting",0.8,"Identified as painting based on filename keywords"
"public/jon_clayton/products/_Afon_Dusk_._74x74cm._Acrylic_and_mixed_media_on_canvas.jpg","jon clayton","_Afon_Dusk_._74x74cm._Acrylic_and_mixed_media_on_canvas.jpg","Painting",0.8,"Identified as painting based on filename keywords"
"public/jon_clayton/products/'Parting of the Ways'. 74x74cm. Mixed media on canvas.jpg","jon clayton","'Parting of the Ways'. 74x74cm. Mixed media on canvas.jpg","Painting",0.8,"Identified as painting based on filename keywords"
"public/jon_clayton/products/'Mawddach, Looking Back' Acrylic and mixed media on canvas 74x74cm white wood frame..JPG","jon clayton","'Mawddach, Looking Back' Acrylic and mixed media on canvas 74x74cm white wood frame..JPG","Painting",0.8,"Identified as painting based on filename keywords"
"public/jon_clayton/products/'Foel Caerynwch - The Hill from Everywhere'. Acrylic and mixed media on canvas 74x74cm white wood frame..JPG","jon clayton","'Foel Caerynwch - The Hill from Everywhere'. Acrylic and mixed media on canvas 74x74cm white wood frame..JPG","Painting",0.8,"Identified as painting based on filename keywords"
"public/jon_clayton/products/'Descent into the Valley'. 54x54cm. mixed media on found slate from the place of drawing in mid Wales..jpg","jon clayton","'Descent into the Valley'. 54x54cm. mixed media on found slate from the place of drawing in mid Wales..jpg","Drawing",0.8,"Identified as drawing based on filename keywords"
"public/jon_clayton/products/'After the Rain', 74x74cm, Acrylic and Mixed media on canvas.jpg","jon clayton","'After the Rain', 74x74cm, Acrylic and Mixed media on canvas.jpg","Painting",0.8,"Identified as painting based on filename keywords"
"public/jon_clayton/products/'Afon Dusk'. 74x74cm. Acrylic and mixed media on canvas.jpg","jon clayton","'Afon Dusk'. 74x74cm. Acrylic and mixed media on canvas.jpg","Painting",0.8,"Identified as painting based on filename keywords"
"public/gwern_borter/products/Eric__Gwern_Borter__1924.jpg","gwern borter","Eric__Gwern_Borter__1924.jpg","Unknown",0.5,"Unable to determine medium from filename"
"public/glen_farrelly_arca/products/Sacred.jpg","glen farrelly arca","Sacred.jpg","Unknown",0.5,"Unable to determine medium from filename"
"public/glen_farrelly_arca/products/Keyhole_View.jpg","glen farrelly arca","Keyhole_View.jpg","Unknown",0.5,"Unable to determine medium from filename"
"public/glen_farrelly/products/Sacred_Image_2.jpg","glen farrelly","Sacred_Image_2.jpg","Unknown",0.5,"Unable to determine medium from filename"
"public/glen_farrelly/products/Sacred_Image_1.jpg","glen farrelly","Sacred_Image_1.jpg","Unknown",0.5,"Unable to determine medium from filename"
"public/glen_farrelly/products/Sacred Image 2.jpg","glen farrelly","Sacred Image 2.jpg","Unknown",0.5,"Unable to determine medium from filename"
"public/glen_farrelly/products/Sacred Image 1.jpg","glen farrelly","Sacred Image 1.jpg","Unknown",0.5,"Unable to determine medium from filename"
"public/glen_farrelly/products/May_Image_2.jpg","glen farrelly","May_Image_2.jpg","Unknown",0.5,"Unable to determine medium from filename"
"public/glen_farrelly/products/May_Image_1.jpg","glen farrelly","May_Image_1.jpg","Unknown",0.5,"Unable to determine medium from filename"
"public/glen_farrelly/products/May Image 2.jpg","glen farrelly","May Image 2.jpg","Unknown",0.5,"Unable to determine medium from filename"
"public/glen_farrelly/products/May Image 1.jpg","glen farrelly","May Image 1.jpg","Unknown",0.5,"Unable to determine medium from filename"
"public/gareth_nash/products/Y_Troi_Un.jpg","gareth nash","Y_Troi_Un.jpg","Unknown",0.5,"Unable to determine medium from filename"
"public/gareth_nash/products/Y_Troi_Dwy.jpg","gareth nash","Y_Troi_Dwy.jpg","Unknown",0.5,"Unable to determine medium from filename"
"public/gareth_nash/products/Y Troi Un.JPG","gareth nash","Y Troi Un.JPG","Unknown",0.5,"Unable to determine medium from filename"
"public/gareth_nash/products/Y Troi Dwy.JPG","gareth nash","Y Troi Dwy.JPG","Unknown",0.5,"Unable to determine medium from filename"
"public/frank_brangwyn/products/The_Brangwyn_Portfolio_of_lithographs__with_additional_etchings_.jpg","frank brangwyn","The_Brangwyn_Portfolio_of_lithographs__with_additional_etchings_.jpg","Print",0.8,"Identified as print based on filename keywords"
"public/frank_brangwyn/products/The_Brangwyn_Portfolio_of_lithographs.jpg","frank brangwyn","The_Brangwyn_Portfolio_of_lithographs.jpg","Print",0.8,"Identified as print based on filename keywords"
"public/susan_cantrill_williams/products/susan_product_005.png","susan cantrill williams","susan_product_005.png","Unknown",0.5,"Unable to determine medium from filename"
"public/susan_cantrill_williams/products/susan_product_004.png","susan cantrill williams","susan_product_004.png","Unknown",0.5,"Unable to determine medium from filename"
"public/susan_cantrill_williams/products/susan_product_003.png","susan cantrill williams","susan_product_003.png","Unknown",0.5,"Unable to determine medium from filename"
"public/susan_cantrill_williams/products/susan_product_002.png","susan cantrill williams","susan_product_002.png","Unknown",0.5,"Unable to determine medium from filename"
"public/susan_cantrill_williams/products/susan_product_001.png","susan cantrill williams","susan_product_001.png","Unknown",0.5,"Unable to determine medium from filename"
"public/susan_cantrill_williams/products/Susan_Cantrill_Williams_Artwork.jpeg","susan cantrill williams","Susan_Cantrill_Williams_Artwork.jpeg","Unknown",0.5,"Unable to determine medium from filename"
"public/susan_cantrill_williams/products/Susan_Artwork_3.jpeg","susan cantrill williams","Susan_Artwork_3.jpeg","Unknown",0.5,"Unable to determine medium from filename"
"public/susan_cantrill_williams/products/Susan_Artwork_2.jpeg","susan cantrill williams","Susan_Artwork_2.jpeg","Unknown",0.5,"Unable to determine medium from filename"
"public/david_kereszteny_lewis/products/Wind___The_Rain.jpg","david kereszteny lewis","Wind___The_Rain.jpg","Unknown",0.5,"Unable to determine medium from filename"
"public/david_kereszteny_lewis/products/Water_Reflection.jpg","david kereszteny lewis","Water_Reflection.jpg","Unknown",0.5,"Unable to determine medium from filename"
"public/david_kereszteny_lewis/products/So_Windy.jpg","david kereszteny lewis","So_Windy.jpg","Unknown",0.5,"Unable to determine medium from filename"
"public/david_kereszteny_lewis/products/Singing_Prayers___Hymns.jpg","david kereszteny lewis","Singing_Prayers___Hymns.jpg","Unknown",0.5,"Unable to determine medium from filename"
"public/david_kereszteny_lewis/products/Rhos_Drawing.jpg","david kereszteny lewis","Rhos_Drawing.jpg","Drawing",0.8,"Identified as drawing based on filename keywords"
"public/david_kereszteny_lewis/products/Reminant.jpg","david kereszteny lewis","Reminant.jpg","Unknown",0.5,"Unable to determine medium from filename"
"public/david_kereszteny_lewis/products/On_an_Edge.jpg","david kereszteny lewis","On_an_Edge.jpg","Unknown",0.5,"Unable to determine medium from filename"
"public/david_kereszteny_lewis/products/Movement_of_the_Tide.jpg","david kereszteny lewis","Movement_of_the_Tide.jpg","Unknown",0.5,"Unable to determine medium from filename"
"public/david_kereszteny_lewis/products/Left_Colwen.jpg","david kereszteny lewis","Left_Colwen.jpg","Unknown",0.5,"Unable to determine medium from filename"
"public/david_kereszteny_lewis/products/Last_Few_Days.jpg","david kereszteny lewis","Last_Few_Days.jpg","Unknown",0.5,"Unable to determine medium from filename"
"public/david_kereszteny_lewis/products/Hoping_for_Something.jpg","david kereszteny lewis","Hoping_for_Something.jpg","Unknown",0.5,"Unable to determine medium from filename"
"public/david_kereszteny_lewis/products/Glorifying_Hand.jpg","david kereszteny lewis","Glorifying_Hand.jpg","Unknown",0.5,"Unable to determine medium from filename"
"public/david_kereszteny_lewis/products/From_Gogarth_Quarry.jpg","david kereszteny lewis","From_Gogarth_Quarry.jpg","Unknown",0.5,"Unable to determine medium from filename"
"public/david_kereszteny_lewis/products/Enclosure.jpg","david kereszteny lewis","Enclosure.jpg","Unknown",0.5,"Unable to determine medium from filename"
"public/david_kereszteny_lewis/products/Call_It_Intuition.jpg","david kereszteny lewis","Call_It_Intuition.jpg","Unknown",0.5,"Unable to determine medium from filename"
"public/david_kereszteny_lewis/products/By_the_Rivers.jpg","david kereszteny lewis","By_the_Rivers.jpg","Unknown",0.5,"Unable to determine medium from filename"
"public/david_kereszteny_lewis/products/Breakwaters.jpg","david kereszteny lewis","Breakwaters.jpg","Unknown",0.5,"Unable to determine medium from filename"
"public/david_kereszteny_lewis/products/Alltwen.jpg","david kereszteny lewis","Alltwen.jpg","Unknown",0.5,"Unable to determine medium from filename"
"public/david_kereszteny_lewis/products/A_Little_Mystery_To_Me.jpg","david kereszteny lewis","A_Little_Mystery_To_Me.jpg","Unknown",0.5,"Unable to determine medium from filename"
"public/alla_chakir/products/We_Stay_In_Eden.jpg","alla chakir","We_Stay_In_Eden.jpg","Unknown",0.5,"Unable to determine medium from filename"
"public/alla_chakir/products/We Stay In Eden.jpg","alla chakir","We Stay In Eden.jpg","Unknown",0.5,"Unable to determine medium from filename"
"public/alla_chakir/products/Rosehip_Tea.jpg","alla chakir","Rosehip_Tea.jpg","Unknown",0.5,"Unable to determine medium from filename"
"public/alla_chakir/products/Rosehip Tea.jpg","alla chakir","Rosehip Tea.jpg","Unknown",0.5,"Unable to determine medium from filename"
"public/alla_chakir/products/Once_and_Forever.jpg","alla chakir","Once_and_Forever.jpg","Unknown",0.5,"Unable to determine medium from filename"
"public/alla_chakir/products/Once and Forever.jpg","alla chakir","Once and Forever.jpg","Unknown",0.5,"Unable to determine medium from filename"
"public/steven_page/products/Abstract_Composition_6.jpg","steven page","Abstract_Composition_6.jpg","Unknown",0.5,"Unable to determine medium from filename"
"public/steven_page/products/Abstract_Composition_5.jpg","steven page","Abstract_Composition_5.jpg","Unknown",0.5,"Unable to determine medium from filename"
"public/steven_page/products/Abstract_Composition_4.jpg","steven page","Abstract_Composition_4.jpg","Unknown",0.5,"Unable to determine medium from filename"
"public/steven_page/products/Abstract_Composition_3.jpg","steven page","Abstract_Composition_3.jpg","Unknown",0.5,"Unable to determine medium from filename"
"public/steven_page/products/Abstract_Composition_2.jpg","steven page","Abstract_Composition_2.jpg","Unknown",0.5,"Unable to determine medium from filename"
"public/andy_dobbie/products/Torso_3.jpg","andy dobbie","Torso_3.jpg","Unknown",0.5,"Unable to determine medium from filename"
"public/andy_dobbie/products/Torso 3.jpg","andy dobbie","Torso 3.jpg","Unknown",0.5,"Unable to determine medium from filename"
"public/andy_dobbie/products/The_Space_Between_Us_II_1920x1338.jpg","andy dobbie","The_Space_Between_Us_II_1920x1338.jpg","Unknown",0.5,"Unable to determine medium from filename"
"public/andy_dobbie/products/The-Space-Between-Us-II-1920x1338.jpg","andy dobbie","The-Space-Between-Us-II-1920x1338.jpg","Unknown",0.5,"Unable to determine medium from filename"
"public/andy_dobbie/products/Self_isolated_1920x1936.jpg","andy dobbie","Self_isolated_1920x1936.jpg","Unknown",0.5,"Unable to determine medium from filename"
"public/andy_dobbie/products/Self-isolated-1920x1936.jpg","andy dobbie","Self-isolated-1920x1936.jpg","Unknown",0.5,"Unable to determine medium from filename"
"public/andy_dobbie/products/La_Demoiselle_dYnys_Mon_Acrylic_on_Linen.jpg","andy dobbie","La_Demoiselle_dYnys_Mon_Acrylic_on_Linen.jpg","Painting",0.8,"Identified as painting based on filename keywords"
"public/andy_dobbie/products/Angular_Form_V.jpg","andy dobbie","Angular_Form_V.jpg","Unknown",0.5,"Unable to determine medium from filename"
"public/andy_dobbie/products/Angular_Form_IV.jpg","andy dobbie","Angular_Form_IV.jpg","Unknown",0.5,"Unable to determine medium from filename"
"public/andy_dobbie/products/Angular_Form_III.jpg","andy dobbie","Angular_Form_III.jpg","Unknown",0.5,"Unable to determine medium from filename"
"public/andy_dobbie/products/Angular_Form_II.jpg","andy dobbie","Angular_Form_II.jpg","Unknown",0.5,"Unable to determine medium from filename"
"public/andy_dobbie/products/Angular_Form_I.jpg","andy dobbie","Angular_Form_I.jpg","Unknown",0.5,"Unable to determine medium from filename"
"public/andy_dobbie/products/Absurdus_Oil_on_Canvas_on_Panel.jpg","andy dobbie","Absurdus_Oil_on_Canvas_on_Panel.jpg","Painting",0.8,"Identified as painting based on filename keywords"
"public/andy_dobbie/products/Abstract_Figure_VII_1920x1922.jpg","andy dobbie","Abstract_Figure_VII_1920x1922.jpg","Unknown",0.5,"Unable to determine medium from filename"
"public/andy_dobbie/products/Abstract_Figure_VI.jpg","andy dobbie","Abstract_Figure_VI.jpg","Unknown",0.5,"Unable to determine medium from filename"
"public/andy_dobbie/products/Abstract-Figure-VII-1920x1922.jpg","andy dobbie","Abstract-Figure-VII-1920x1922.jpg","Unknown",0.5,"Unable to determine medium from filename"
"public/andy_dobbie/products/Abstract-Figure-VI.jpg","andy dobbie","Abstract-Figure-VI.jpg","Unknown",0.5,"Unable to determine medium from filename"
"public/steve_tootell/products/Steve Himself/steve puts it out.jpeg","steve tootell","steve puts it out.jpeg","Unknown",0.5,"Unable to determine medium from filename"
"public/steve_tootell/products/Steve Himself/Steve_WORKING.JPG","steve tootell","Steve_WORKING.JPG","Unknown",0.5,"Unable to determine medium from filename"
"public/steve_tootell/products/Steve Himself/Steve_WORK.JPG","steve tootell","Steve_WORK.JPG","Unknown",0.5,"Unable to determine medium from filename"
"public/steve_tootell/products/Steve Himself/Steve_AT_WORK.jpg","steve tootell","Steve_AT_WORK.jpg","Unknown",0.5,"Unable to determine medium from filename"
"public/steve_tootell/products/Steve Himself/STeve_FIRE.JPG","steve tootell","STeve_FIRE.JPG","Unknown",0.5,"Unable to determine medium from filename"
"public/steve_tootell/products/Steve Himself/Portrait.jpg","steve tootell","Portrait.jpg","Unknown",0.5,"Unable to determine medium from filename"
"public/steve_tootell/products/Steve Branding/anagama mouth.jpg","steve tootell","anagama mouth.jpg","Unknown",0.5,"Unable to determine medium from filename"
"public/steve_tootell/products/Steve Branding/Apple Tree Studios.JPG","steve tootell","Apple Tree Studios.JPG","Unknown",0.5,"Unable to determine medium from filename"
"public/steve_tootell/products/Steve Bio/steve's charities copy.jpg","steve tootell","steve's charities copy.jpg","Unknown",0.5,"Unable to determine medium from filename"
"public/david_kereszteny_lewis/products/EXHIBITION PRODUCTS/Wind & The Rain.jpeg","david kereszteny lewis","Wind & The Rain.jpeg","Unknown",0.5,"Unable to determine medium from filename"
"public/david_kereszteny_lewis/products/EXHIBITION PRODUCTS/Water Reflection.jpeg","david kereszteny lewis","Water Reflection.jpeg","Unknown",0.5,"Unable to determine medium from filename"
"public/david_kereszteny_lewis/products/EXHIBITION PRODUCTS/So Windy.jpeg","david kereszteny lewis","So Windy.jpeg","Unknown",0.5,"Unable to determine medium from filename"
"public/david_kereszteny_lewis/products/EXHIBITION PRODUCTS/Singing Prayers & Hymns.jpeg","david kereszteny lewis","Singing Prayers & Hymns.jpeg","Unknown",0.5,"Unable to determine medium from filename"
"public/david_kereszteny_lewis/products/EXHIBITION PRODUCTS/Rhos Drawing.jpeg","david kereszteny lewis","Rhos Drawing.jpeg","Drawing",0.8,"Identified as drawing based on filename keywords"
"public/david_kereszteny_lewis/products/EXHIBITION PRODUCTS/Reminant.jpeg","david kereszteny lewis","Reminant.jpeg","Unknown",0.5,"Unable to determine medium from filename"
"public/david_kereszteny_lewis/products/EXHIBITION PRODUCTS/On an Edge.jpeg","david kereszteny lewis","On an Edge.jpeg","Unknown",0.5,"Unable to determine medium from filename"
"public/david_kereszteny_lewis/products/EXHIBITION PRODUCTS/Movement of the Tide.jpeg","david kereszteny lewis","Movement of the Tide.jpeg","Unknown",0.5,"Unable to determine medium from filename"
"public/david_kereszteny_lewis/products/EXHIBITION PRODUCTS/Left Colwen.jpeg","david kereszteny lewis","Left Colwen.jpeg","Unknown",0.5,"Unable to determine medium from filename"
"public/david_kereszteny_lewis/products/EXHIBITION PRODUCTS/Last Few Days.jpeg","david kereszteny lewis","Last Few Days.jpeg","Unknown",0.5,"Unable to determine medium from filename"
"public/david_kereszteny_lewis/products/EXHIBITION PRODUCTS/Hoping for Something.jpeg","david kereszteny lewis","Hoping for Something.jpeg","Unknown",0.5,"Unable to determine medium from filename"
"public/david_kereszteny_lewis/products/EXHIBITION PRODUCTS/Glorifying Hand.jpeg","david kereszteny lewis","Glorifying Hand.jpeg","Unknown",0.5,"Unable to determine medium from filename"
"public/david_kereszteny_lewis/products/EXHIBITION PRODUCTS/From Gogarth Quarry.jpeg","david kereszteny lewis","From Gogarth Quarry.jpeg","Unknown",0.5,"Unable to determine medium from filename"
"public/david_kereszteny_lewis/products/EXHIBITION PRODUCTS/Enclosure.jpeg","david kereszteny lewis","Enclosure.jpeg","Unknown",0.5,"Unable to determine medium from filename"
"public/david_kereszteny_lewis/products/EXHIBITION PRODUCTS/Call It Intuition.jpeg","david kereszteny lewis","Call It Intuition.jpeg","Unknown",0.5,"Unable to determine medium from filename"
"public/david_kereszteny_lewis/products/EXHIBITION PRODUCTS/By the Rivers.jpeg","david kereszteny lewis","By the Rivers.jpeg","Unknown",0.5,"Unable to determine medium from filename"
"public/david_kereszteny_lewis/products/EXHIBITION PRODUCTS/Breakwaters.jpeg","david kereszteny lewis","Breakwaters.jpeg","Unknown",0.5,"Unable to determine medium from filename"
"public/david_kereszteny_lewis/products/EXHIBITION PRODUCTS/Alltwen.jpeg","david kereszteny lewis","Alltwen.jpeg","Unknown",0.5,"Unable to determine medium from filename"
"public/david_kereszteny_lewis/products/EXHIBITION PRODUCTS/A Little Mystery To Me.jpeg","david kereszteny lewis","A Little Mystery To Me.jpeg","Unknown",0.5,"Unable to determine medium from filename"
"temp/ARTPRODUCTS/product_images/102_Man_Mowing.jpg","Unknown Artist","102_Man_Mowing.jpg","Unknown",0.5,"Unable to determine medium from filename"
"temp/ARTPRODUCTS/product_images/101_Phyllis_at_Creswell_Quay__Pembs.jpg","Unknown Artist","101_Phyllis_at_Creswell_Quay__Pembs.jpg","Unknown",0.5,"Unable to determine medium from filename"
"temp/ARTPRODUCTS/product_images/100_Children_on_the_Beach.jpg","Unknown Artist","100_Children_on_the_Beach.jpg","Unknown",0.5,"Unable to determine medium from filename"
"temp/ARTPRODUCTS/product_images/099_Locks.jpg","Unknown Artist","099_Locks.jpg","Unknown",0.5,"Unable to determine medium from filename"
"temp/ARTPRODUCTS/product_images/098_Head_of_Poet_Dylan_Thomas.jpg","Unknown Artist","098_Head_of_Poet_Dylan_Thomas.jpg","Unknown",0.5,"Unable to determine medium from filename"
"temp/ARTPRODUCTS/product_images/097_News_Please.jpg","Unknown Artist","097_News_Please.jpg","Unknown",0.5,"Unable to determine medium from filename"
"temp/ARTPRODUCTS/product_images/096_Earth_Vs.Venus.jpg","Unknown Artist","096_Earth_Vs.Venus.jpg","Unknown",0.5,"Unable to determine medium from filename"
"temp/ARTPRODUCTS/product_images/095_Playing_Recorders.jpg","Unknown Artist","095_Playing_Recorders.jpg","Unknown",0.5,"Unable to determine medium from filename"
"temp/ARTPRODUCTS/product_images/094_Penarth_Pier.jpg","Unknown Artist","094_Penarth_Pier.jpg","Unknown",0.5,"Unable to determine medium from filename"
"temp/ARTPRODUCTS/product_images/093_Autumnal_Landscape.jpg","Unknown Artist","093_Autumnal_Landscape.jpg","Unknown",0.5,"Unable to determine medium from filename"
"temp/ARTPRODUCTS/product_images/092_Flowers__Lupins.jpg","Unknown Artist","092_Flowers__Lupins.jpg","Unknown",0.5,"Unable to determine medium from filename"
"temp/ARTPRODUCTS/product_images/091_Early_Still-Life__Wine_and_Flowers.jpg","Unknown Artist","091_Early_Still-Life__Wine_and_Flowers.jpg","Unknown",0.5,"Unable to determine medium from filename"
"temp/ARTPRODUCTS/product_images/090_The_Blue_Sunflower.jpg","Unknown Artist","090_The_Blue_Sunflower.jpg","Unknown",0.5,"Unable to determine medium from filename"
"temp/ARTPRODUCTS/product_images/089_Cow_and_Farm_Hopper.jpg","Unknown Artist","089_Cow_and_Farm_Hopper.jpg","Unknown",0.5,"Unable to determine medium from filename"
"temp/ARTPRODUCTS/product_images/088_Windswept_Landscape_with_Cottage.jpg","Unknown Artist","088_Windswept_Landscape_with_Cottage.jpg","Unknown",0.5,"Unable to determine medium from filename"
"temp/ARTPRODUCTS/product_images/087_The_Village_and_I_and_Marc_Chagall.jpg","Unknown Artist","087_The_Village_and_I_and_Marc_Chagall.jpg","Unknown",0.5,"Unable to determine medium from filename"
"temp/ARTPRODUCTS/product_images/086_Cockle_Pickers.jpg","Unknown Artist","086_Cockle_Pickers.jpg","Unknown",0.5,"Unable to determine medium from filename"
"temp/ARTPRODUCTS/product_images/085_Coracler.jpg","Unknown Artist","085_Coracler.jpg","Unknown",0.5,"Unable to determine medium from filename"
"temp/ARTPRODUCTS/product_images/084_Moelfre.jpg","Unknown Artist","084_Moelfre.jpg","Unknown",0.5,"Unable to determine medium from filename"
"temp/ARTPRODUCTS/product_images/083_The_Race.jpg","Unknown Artist","083_The_Race.jpg","Unknown",0.5,"Unable to determine medium from filename"
"temp/ARTPRODUCTS/product_images/082_Autumnal_Landscape_with_Trees.jpg","Unknown Artist","082_Autumnal_Landscape_with_Trees.jpg","Unknown",0.5,"Unable to determine medium from filename"
"temp/ARTPRODUCTS/product_images/081_Killjoy.jpg","Unknown Artist","081_Killjoy.jpg","Unknown",0.5,"Unable to determine medium from filename"
"temp/ARTPRODUCTS/product_images/080_Snowdon_from_Llyn_Mymbr.jpg","Unknown Artist","080_Snowdon_from_Llyn_Mymbr.jpg","Unknown",0.5,"Unable to determine medium from filename"
"temp/ARTPRODUCTS/product_images/079_The_River_Gwyrfai.jpg","Unknown Artist","079_The_River_Gwyrfai.jpg","Unknown",0.5,"Unable to determine medium from filename"
"temp/ARTPRODUCTS/product_images/078_Standing_Shepherd.jpg","Unknown Artist","078_Standing_Shepherd.jpg","Unknown",0.5,"Unable to determine medium from filename"
"temp/ARTPRODUCTS/product_images/077_Cutting_Images.jpg","Unknown Artist","077_Cutting_Images.jpg","Unknown",0.5,"Unable to determine medium from filename"
"temp/ARTPRODUCTS/product_images/076_Horses_at_Lle_Cul.jpg","Unknown Artist","076_Horses_at_Lle_Cul.jpg","Unknown",0.5,"Unable to determine medium from filename"
"temp/ARTPRODUCTS/product_images/075_Ponies__Anglesey.jpg","Unknown Artist","075_Ponies__Anglesey.jpg","Unknown",0.5,"Unable to determine medium from filename"
"temp/ARTPRODUCTS/product_images/074_Welsh_Black_Bull.jpg","Unknown Artist","074_Welsh_Black_Bull.jpg","Unknown",0.5,"Unable to determine medium from filename"
"temp/ARTPRODUCTS/product_images/073_Pontllyfni_in_Snow.jpg","Unknown Artist","073_Pontllyfni_in_Snow.jpg","Unknown",0.5,"Unable to determine medium from filename"
"temp/ARTPRODUCTS/product_images/072_Farmer_in_Overcoat_with_Walking_Stick.jpg","Unknown Artist","072_Farmer_in_Overcoat_with_Walking_Stick.jpg","Unknown",0.5,"Unable to determine medium from filename"
"temp/ARTPRODUCTS/product_images/071_Farmer_with_Walking_Stick.jpg","Unknown Artist","071_Farmer_with_Walking_Stick.jpg","Unknown",0.5,"Unable to determine medium from filename"
"temp/ARTPRODUCTS/product_images/070_Road_to_the_Mine__Blaenau_Ffestiniog.jpg","Unknown Artist","070_Road_to_the_Mine__Blaenau_Ffestiniog.jpg","Unknown",0.5,"Unable to determine medium from filename"
"temp/ARTPRODUCTS/product_images/069_Anglesey_in_Winter.jpg","Unknown Artist","069_Anglesey_in_Winter.jpg","Unknown",0.5,"Unable to determine medium from filename"
"temp/ARTPRODUCTS/product_images/068_Llyn-y-Fan_Fach.jpg","Unknown Artist","068_Llyn-y-Fan_Fach.jpg","Unknown",0.5,"Unable to determine medium from filename"
"temp/ARTPRODUCTS/product_images/067_Fishing_Boats__Marina.jpg","Unknown Artist","067_Fishing_Boats__Marina.jpg","Unknown",0.5,"Unable to determine medium from filename"
"temp/ARTPRODUCTS/product_images/066_Misty_Flooded_Moorland.jpg","Unknown Artist","066_Misty_Flooded_Moorland.jpg","Unknown",0.5,"Unable to determine medium from filename"
"temp/ARTPRODUCTS/product_images/065_Llanfachraeth.jpg","Unknown Artist","065_Llanfachraeth.jpg","Unknown",0.5,"Unable to determine medium from filename"
"temp/ARTPRODUCTS/product_images/064_Still_Life_with_Olives.jpg","Unknown Artist","064_Still_Life_with_Olives.jpg","Unknown",0.5,"Unable to determine medium from filename"
"temp/ARTPRODUCTS/product_images/063_Figure_at_Doorway_with_Garden.jpg","Unknown Artist","063_Figure_at_Doorway_with_Garden.jpg","Unknown",0.5,"Unable to determine medium from filename"
"temp/ARTPRODUCTS/product_images/062_Hon.jpg","Unknown Artist","062_Hon.jpg","Unknown",0.5,"Unable to determine medium from filename"
"temp/ARTPRODUCTS/product_images/061_Landscape_Series_No.37.jpg","Unknown Artist","061_Landscape_Series_No.37.jpg","Unknown",0.5,"Unable to determine medium from filename"
"temp/ARTPRODUCTS/product_images/060_Colourful_Study_of_Figure_on_Mule.jpg","Unknown Artist","060_Colourful_Study_of_Figure_on_Mule.jpg","Unknown",0.5,"Unable to determine medium from filename"
"temp/ARTPRODUCTS/product_images/059_Group_of_Standing_Farmers.jpg","Unknown Artist","059_Group_of_Standing_Farmers.jpg","Unknown",0.5,"Unable to determine medium from filename"
"temp/ARTPRODUCTS/product_images/058_Porth_Uchaf.jpg","Unknown Artist","058_Porth_Uchaf.jpg","Unknown",0.5,"Unable to determine medium from filename"
"temp/ARTPRODUCTS/product_images/057_Buchod_Dafydd.jpg","Unknown Artist","057_Buchod_Dafydd.jpg","Unknown",0.5,"Unable to determine medium from filename"
"temp/ARTPRODUCTS/product_images/056_The_Rising_Moon.jpg","Unknown Artist","056_The_Rising_Moon.jpg","Unknown",0.5,"Unable to determine medium from filename"
"temp/ARTPRODUCTS/product_images/055_Bathers.jpg","Unknown Artist","055_Bathers.jpg","Unknown",0.5,"Unable to determine medium from filename"
"temp/ARTPRODUCTS/product_images/054_Coastal_view_at_Dusk__Saundersfoot__Pembrokeshire.jpg","Unknown Artist","054_Coastal_view_at_Dusk__Saundersfoot__Pembrokeshire.jpg","Unknown",0.5,"Unable to determine medium from filename"
"temp/ARTPRODUCTS/product_images/053_All_Flash.jpg","Unknown Artist","053_All_Flash.jpg","Unknown",0.5,"Unable to determine medium from filename"
"temp/ARTPRODUCTS/product_images/052_Eric__Gwern_Borter__1924.jpg","Unknown Artist","052_Eric__Gwern_Borter__1924.jpg","Unknown",0.5,"Unable to determine medium from filename"
"temp/ARTPRODUCTS/product_images/051_Anyworld.jpg","Unknown Artist","051_Anyworld.jpg","Unknown",0.5,"Unable to determine medium from filename"
"temp/ARTPRODUCTS/product_images/050_Feeding_the_Birds.jpg","Unknown Artist","050_Feeding_the_Birds.jpg","Unknown",0.5,"Unable to determine medium from filename"
"temp/ARTPRODUCTS/product_images/049_Moon_Dog.jpg","Unknown Artist","049_Moon_Dog.jpg","Unknown",0.5,"Unable to determine medium from filename"
"temp/ARTPRODUCTS/product_images/048_Gower_Beach.jpg","Unknown Artist","048_Gower_Beach.jpg","Unknown",0.5,"Unable to determine medium from filename"
"temp/ARTPRODUCTS/product_images/047_Sloop_Inn__St._Ives.jpg","Unknown Artist","047_Sloop_Inn__St._Ives.jpg","Unknown",0.5,"Unable to determine medium from filename"
"temp/ARTPRODUCTS/product_images/046_Portrait_of_Mair_Stuart.jpg","Unknown Artist","046_Portrait_of_Mair_Stuart.jpg","Unknown",0.5,"Unable to determine medium from filename"
"temp/ARTPRODUCTS/product_images/045_Victoria___Albert_Museum.jpg","Unknown Artist","045_Victoria___Albert_Museum.jpg","Unknown",0.5,"Unable to determine medium from filename"
"temp/ARTPRODUCTS/product_images/044_The_Brangwyn_Portfolio_of_lithographs__with_additional_etchings.jpg","Unknown Artist","044_The_Brangwyn_Portfolio_of_lithographs__with_additional_etchings.jpg","Print",0.8,"Identified as print based on filename keywords"
"temp/ARTPRODUCTS/product_images/043_The_Brangwyn_Portfolio_of_lithographs.jpg","Unknown Artist","043_The_Brangwyn_Portfolio_of_lithographs.jpg","Print",0.8,"Identified as print based on filename keywords"
"temp/ARTPRODUCTS/product_images/042_Three_Blind_Women___The_Drunk.jpg","Unknown Artist","042_Three_Blind_Women___The_Drunk.jpg","Unknown",0.5,"Unable to determine medium from filename"
"temp/ARTPRODUCTS/product_images/041_Australian_Crucifixion.jpg","Unknown Artist","041_Australian_Crucifixion.jpg","Unknown",0.5,"Unable to determine medium from filename"
"temp/ARTPRODUCTS/product_images/040_Tyger_Tyger.jpg","Unknown Artist","040_Tyger_Tyger.jpg","Unknown",0.5,"Unable to determine medium from filename"
"temp/ARTPRODUCTS/product_images/039_Tyger_Tyger.jpg","Unknown Artist","039_Tyger_Tyger.jpg","Unknown",0.5,"Unable to determine medium from filename"
"temp/ARTPRODUCTS/product_images/038_London.jpg","Unknown Artist","038_London.jpg","Unknown",0.5,"Unable to determine medium from filename"
"temp/ARTPRODUCTS/product_images/037_Everybody_Wants_to_be_Somebody.jpg","Unknown Artist","037_Everybody_Wants_to_be_Somebody.jpg","Unknown",0.5,"Unable to determine medium from filename"
"temp/ARTPRODUCTS/product_images/036_Free_at_last.jpg","Unknown Artist","036_Free_at_last.jpg","Unknown",0.5,"Unable to determine medium from filename"
"temp/ARTPRODUCTS/product_images/035_Profile_in_Courage.jpg","Unknown Artist","035_Profile_in_Courage.jpg","Unknown",0.5,"Unable to determine medium from filename"
"temp/ARTPRODUCTS/product_images/034_Nobody_Can_Stop_an_Idea_Whose_Time_Has_Come.jpg","Unknown Artist","034_Nobody_Can_Stop_an_Idea_Whose_Time_Has_Come.jpg","Unknown",0.5,"Unable to determine medium from filename"
"temp/ARTPRODUCTS/product_images/033_Robert_Owen.jpg","Unknown Artist","033_Robert_Owen.jpg","Unknown",0.5,"Unable to determine medium from filename"
"temp/ARTPRODUCTS/product_images/032_Under_the_Yew_Tree.jpg","Unknown Artist","032_Under_the_Yew_Tree.jpg","Unknown",0.5,"Unable to determine medium from filename"
"temp/ARTPRODUCTS/product_images/031_Faith.jpg","Unknown Artist","031_Faith.jpg","Unknown",0.5,"Unable to determine medium from filename"
"temp/ARTPRODUCTS/product_images/030_How_many_ages.jpg","Unknown Artist","030_How_many_ages.jpg","Unknown",0.5,"Unable to determine medium from filename"
"temp/ARTPRODUCTS/product_images/029_St_James.jpg","Unknown Artist","029_St_James.jpg","Unknown",0.5,"Unable to determine medium from filename"
"temp/ARTPRODUCTS/product_images/028_Verso.jpg","Unknown Artist","028_Verso.jpg","Unknown",0.5,"Unable to determine medium from filename"
"temp/ARTPRODUCTS/product_images/027_The_Steps.jpg","Unknown Artist","027_The_Steps.jpg","Unknown",0.5,"Unable to determine medium from filename"
"temp/ARTPRODUCTS/product_images/026_Viaggio_Verso_II_Nord.jpg","Unknown Artist","026_Viaggio_Verso_II_Nord.jpg","Unknown",0.5,"Unable to determine medium from filename"
"temp/ARTPRODUCTS/product_images/025_Viaggio_Verso_il_Nord_1972.jpg","Unknown Artist","025_Viaggio_Verso_il_Nord_1972.jpg","Unknown",0.5,"Unable to determine medium from filename"
"temp/ARTPRODUCTS/product_images/024_Cockatoo.jpg","Unknown Artist","024_Cockatoo.jpg","Unknown",0.5,"Unable to determine medium from filename"
"temp/ARTPRODUCTS/product_images/023_Cottage_Landscape.jpg","Unknown Artist","023_Cottage_Landscape.jpg","Unknown",0.5,"Unable to determine medium from filename"
"temp/ARTPRODUCTS/product_images/022_Ice_skaters_on_a_frozen_river.jpg","Unknown Artist","022_Ice_skaters_on_a_frozen_river.jpg","Unknown",0.5,"Unable to determine medium from filename"
"temp/ARTPRODUCTS/product_images/021_The_Hedgecutter.jpg","Unknown Artist","021_The_Hedgecutter.jpg","Unknown",0.5,"Unable to determine medium from filename"
"temp/ARTPRODUCTS/product_images/020_The_Fuel_Gatherers.jpg","Unknown Artist","020_The_Fuel_Gatherers.jpg","Unknown",0.5,"Unable to determine medium from filename"
"temp/ARTPRODUCTS/product_images/019_Abstract_still_life.jpg","Unknown Artist","019_Abstract_still_life.jpg","Unknown",0.5,"Unable to determine medium from filename"
"temp/ARTPRODUCTS/product_images/018_Gundog_pair_stalking_grouse_in_cover.jpg","Unknown Artist","018_Gundog_pair_stalking_grouse_in_cover.jpg","Unknown",0.5,"Unable to determine medium from filename"
"temp/ARTPRODUCTS/product_images/017_Looking_towards_the_harbour.jpg","Unknown Artist","017_Looking_towards_the_harbour.jpg","Unknown",0.5,"Unable to determine medium from filename"
"temp/ARTPRODUCTS/product_images/016_Terriers_at_a_rabbit_hole.jpg","Unknown Artist","016_Terriers_at_a_rabbit_hole.jpg","Unknown",0.5,"Unable to determine medium from filename"
"temp/ARTPRODUCTS/product_images/015_Oude_Scheld_-_Texel_Island.jpg","Unknown Artist","015_Oude_Scheld_-_Texel_Island.jpg","Unknown",0.5,"Unable to determine medium from filename"
"temp/ARTPRODUCTS/product_images/014_Children_on_a_street_corner.jpg","Unknown Artist","014_Children_on_a_street_corner.jpg","Unknown",0.5,"Unable to determine medium from filename"
"temp/ARTPRODUCTS/product_images/013_French_Street_Scene.jpg","Unknown Artist","013_French_Street_Scene.jpg","Unknown",0.5,"Unable to determine medium from filename"
"temp/ARTPRODUCTS/product_images/012_Romeo_and_Juliet.jpg","Unknown Artist","012_Romeo_and_Juliet.jpg","Unknown",0.5,"Unable to determine medium from filename"
"temp/ARTPRODUCTS/product_images/011_Frieize_Of_Wallflowers__1.jpg","Unknown Artist","011_Frieize_Of_Wallflowers__1.jpg","Unknown",0.5,"Unable to determine medium from filename"
"temp/ARTPRODUCTS/product_images/010_Passing_Snowstorm_Over_The_Dee_Valley.jpg","Unknown Artist","010_Passing_Snowstorm_Over_The_Dee_Valley.jpg","Unknown",0.5,"Unable to determine medium from filename"
"temp/ARTPRODUCTS/product_images/009_Frieize_of_Wallflowers__2.jpg","Unknown Artist","009_Frieize_of_Wallflowers__2.jpg","Unknown",0.5,"Unable to determine medium from filename"
"temp/ARTPRODUCTS/product_images/008_Concourse.jpg","Unknown Artist","008_Concourse.jpg","Unknown",0.5,"Unable to determine medium from filename"
"temp/ARTPRODUCTS/product_images/007_Hollyhocks.jpg","Unknown Artist","007_Hollyhocks.jpg","Unknown",0.5,"Unable to determine medium from filename"
"temp/ARTPRODUCTS/product_images/006_Jean_Simon_Labret.jpg","Unknown Artist","006_Jean_Simon_Labret.jpg","Unknown",0.5,"Unable to determine medium from filename"
"temp/ARTPRODUCTS/product_images/005_Temptation_of_Eros.jpg","Unknown Artist","005_Temptation_of_Eros.jpg","Unknown",0.5,"Unable to determine medium from filename"
"temp/ARTPRODUCTS/product_images/004_Painting_School_of_Canaletto.jpg","Unknown Artist","004_Painting_School_of_Canaletto.jpg","Painting",0.8,"Identified as painting based on filename keywords"
"temp/ARTPRODUCTS/product_images/003_River_Dee.jpg","Unknown Artist","003_River_Dee.jpg","Unknown",0.5,"Unable to determine medium from filename"
"temp/ARTPRODUCTS/product_images/002_The_Painting_School_of_Canaletto.jpg","Unknown Artist","002_The_Painting_School_of_Canaletto.jpg","Painting",0.8,"Identified as painting based on filename keywords"
"temp/ARTPRODUCTS/product_images/001_Alfred_Bachman_[1863___1956].jpg","Unknown Artist","001_Alfred_Bachman_[1863___1956].jpg","Unknown",0.5,"Unable to determine medium from filename"
